DROP TABLE IF EXISTS `failed_jobs`;
DROP TABLE IF EXISTS `migrations`;
DROP TABLE IF EXISTS `password_resets`;
DROP TABLE IF EXISTS `prices`;
DROP TABLE IF EXISTS `products`;
DROP TABLE IF EXISTS `users`;

CREATE TABLE `failed_jobs` (
  `id` bigint(20) unsigned NOT NULL AUTO_INCREMENT,
  `uuid` varchar(255) COLLATE utf8mb4_unicode_ci NOT NULL,
  `connection` text COLLATE utf8mb4_unicode_ci NOT NULL,
  `queue` text COLLATE utf8mb4_unicode_ci NOT NULL,
  `payload` longtext COLLATE utf8mb4_unicode_ci NOT NULL,
  `exception` longtext COLLATE utf8mb4_unicode_ci NOT NULL,
  `failed_at` timestamp NOT NULL DEFAULT CURRENT_TIMESTAMP,
  PRIMARY KEY (`id`),
  UNIQUE KEY `failed_jobs_uuid_unique` (`uuid`)
) ENGINE=InnoDB DEFAULT CHARSET=utf8mb4 COLLATE=utf8mb4_unicode_ci;

-- Дамп данных таблицы laravel_livewire.failed_jobs: ~0 rows (приблизительно)
/*!40000 ALTER TABLE `failed_jobs` DISABLE KEYS */;
/*!40000 ALTER TABLE `failed_jobs` ENABLE KEYS */;

-- Дамп структуры для таблица laravel_livewire.migrations
CREATE TABLE `migrations` (
  `id` int(10) unsigned NOT NULL AUTO_INCREMENT,
  `migration` varchar(255) COLLATE utf8mb4_unicode_ci NOT NULL,
  `batch` int(11) NOT NULL,
  PRIMARY KEY (`id`)
) ENGINE=InnoDB AUTO_INCREMENT=6 DEFAULT CHARSET=utf8mb4 COLLATE=utf8mb4_unicode_ci;

-- Дамп данных таблицы laravel_livewire.migrations: ~4 rows (приблизительно)
/*!40000 ALTER TABLE `migrations` DISABLE KEYS */;
INSERT INTO `migrations` (`id`, `migration`, `batch`) VALUES
	(1, '2014_10_12_000000_create_users_table', 1),
	(2, '2014_10_12_100000_create_password_resets_table', 1),
	(3, '2019_08_19_000000_create_failed_jobs_table', 1),
	(4, '2020_10_31_103739_create_products_table', 1),
	(5, '2020_11_01_093027_create_prices_table', 2);
/*!40000 ALTER TABLE `migrations` ENABLE KEYS */;

-- Дамп структуры для таблица laravel_livewire.password_resets
CREATE TABLE `password_resets` (
  `email` varchar(255) COLLATE utf8mb4_unicode_ci NOT NULL,
  `token` varchar(255) COLLATE utf8mb4_unicode_ci NOT NULL,
  `created_at` timestamp NULL DEFAULT NULL,
  KEY `password_resets_email_index` (`email`)
) ENGINE=InnoDB DEFAULT CHARSET=utf8mb4 COLLATE=utf8mb4_unicode_ci;

-- Дамп данных таблицы laravel_livewire.password_resets: ~0 rows (приблизительно)
/*!40000 ALTER TABLE `password_resets` DISABLE KEYS */;
/*!40000 ALTER TABLE `password_resets` ENABLE KEYS */;

-- Дамп структуры для таблица laravel_livewire.prices
CREATE TABLE `prices` (
  `id` bigint(20) unsigned NOT NULL AUTO_INCREMENT,
  `product_id` int(11) NOT NULL,
  `price` decimal(8,2) DEFAULT NULL,
  `created_at` timestamp NULL DEFAULT NULL,
  `updated_at` timestamp NULL DEFAULT NULL,
  PRIMARY KEY (`id`)
) ENGINE=InnoDB AUTO_INCREMENT=501 DEFAULT CHARSET=utf8mb4 COLLATE=utf8mb4_unicode_ci;

-- Дамп данных таблицы laravel_livewire.prices: ~500 rows (приблизительно)
/*!40000 ALTER TABLE `prices` DISABLE KEYS */;
INSERT INTO `prices` (`id`, `product_id`, `price`, `created_at`, `updated_at`) VALUES
	(1, 1, 5883.00, NULL, NULL),
	(2, 2, 6076.00, NULL, NULL),
	(3, 3, 4876.00, NULL, NULL),
	(4, 4, 1818.00, NULL, NULL),
	(5, 5, 1460.00, NULL, NULL),
	(6, 6, 1590.00, NULL, NULL),
	(7, 7, 3398.00, NULL, NULL),
	(8, 8, 2180.00, NULL, NULL),
	(9, 9, 6896.00, NULL, NULL),
	(10, 10, 7412.00, NULL, NULL),
	(11, 11, 6893.00, NULL, NULL),
	(12, 12, 8030.00, NULL, NULL),
	(13, 13, 827.00, NULL, NULL),
	(14, 14, 5995.00, NULL, NULL),
	(15, 15, 6626.00, NULL, NULL),
	(16, 16, 4398.00, NULL, NULL),
	(17, 17, 2415.00, NULL, NULL),
	(18, 18, 2809.00, NULL, NULL),
	(19, 19, 708.00, NULL, NULL),
	(20, 20, 7709.00, NULL, NULL),
	(21, 21, 6442.00, NULL, NULL),
	(22, 22, 7790.00, NULL, NULL),
	(23, 23, 5863.00, NULL, NULL),
	(24, 24, 9645.00, NULL, NULL),
	(25, 25, 7359.00, NULL, NULL),
	(26, 26, 6983.00, NULL, NULL),
	(27, 27, 8175.00, NULL, NULL),
	(28, 28, 2977.00, NULL, NULL),
	(29, 29, 600.00, NULL, NULL),
	(30, 30, 7335.00, NULL, NULL),
	(31, 31, 7011.00, NULL, NULL),
	(32, 32, 6743.00, NULL, NULL),
	(33, 33, 9679.00, NULL, NULL),
	(34, 34, 5983.00, NULL, NULL),
	(35, 35, 8691.00, NULL, NULL),
	(36, 36, 7113.00, NULL, NULL),
	(37, 37, 4465.00, NULL, NULL),
	(38, 38, 1356.00, NULL, NULL),
	(39, 39, 7685.00, NULL, NULL),
	(40, 40, 376.00, NULL, NULL),
	(41, 41, 7372.00, NULL, NULL),
	(42, 42, 7874.00, NULL, NULL),
	(43, 43, 6264.00, NULL, NULL),
	(44, 44, 9985.00, NULL, NULL),
	(45, 45, 7395.00, NULL, NULL),
	(46, 46, 8947.00, NULL, NULL),
	(47, 47, 2492.00, NULL, NULL),
	(48, 48, 8754.00, NULL, NULL),
	(49, 49, 6501.00, NULL, NULL),
	(50, 50, 1054.00, NULL, NULL),
	(51, 51, 5074.00, NULL, NULL),
	(52, 52, 7849.00, NULL, NULL),
	(53, 53, 3190.00, NULL, NULL),
	(54, 54, 378.00, NULL, NULL),
	(55, 55, 4394.00, NULL, NULL),
	(56, 56, 108.00, NULL, NULL),
	(57, 57, 7923.00, NULL, NULL),
	(58, 58, 5134.00, NULL, NULL),
	(59, 59, 8697.00, NULL, NULL),
	(60, 60, 5325.00, NULL, NULL),
	(61, 61, 5221.00, NULL, NULL),
	(62, 62, 2437.00, NULL, NULL),
	(63, 63, 2989.00, NULL, NULL),
	(64, 64, 4582.00, NULL, NULL),
	(65, 65, 3648.00, NULL, NULL),
	(66, 66, 2406.00, NULL, NULL),
	(67, 67, 4792.00, NULL, NULL),
	(68, 68, 2477.00, NULL, NULL),
	(69, 69, 8290.00, NULL, NULL),
	(70, 70, 417.00, NULL, NULL),
	(71, 71, 7435.00, NULL, NULL),
	(72, 72, 3403.00, NULL, NULL),
	(73, 73, 4880.00, NULL, NULL),
	(74, 74, 3203.00, NULL, NULL),
	(75, 75, 2356.00, NULL, NULL),
	(76, 76, 9341.00, NULL, NULL),
	(77, 77, 2341.00, NULL, NULL),
	(78, 78, 1301.00, NULL, NULL),
	(79, 79, 849.00, NULL, NULL),
	(80, 80, 1685.00, NULL, NULL),
	(81, 81, 7551.00, NULL, NULL),
	(82, 82, 7336.00, NULL, NULL),
	(83, 83, 6108.00, NULL, NULL),
	(84, 84, 6644.00, NULL, NULL),
	(85, 85, 8426.00, NULL, NULL),
	(86, 86, 180.00, NULL, NULL),
	(87, 87, 194.00, NULL, NULL),
	(88, 88, 93.00, NULL, NULL),
	(89, 89, 2205.00, NULL, NULL),
	(90, 90, 9235.00, NULL, NULL),
	(91, 91, 9685.00, NULL, NULL),
	(92, 92, 3732.00, NULL, NULL),
	(93, 93, 8950.00, NULL, NULL),
	(94, 94, 7678.00, NULL, NULL),
	(95, 95, 1282.00, NULL, NULL),
	(96, 96, 5182.00, NULL, NULL),
	(97, 97, 752.00, NULL, NULL),
	(98, 98, 6408.00, NULL, NULL),
	(99, 99, 2946.00, NULL, NULL),
	(100, 100, 9523.00, NULL, NULL),
	(101, 101, 7676.00, NULL, NULL),
	(102, 102, 6683.00, NULL, NULL),
	(103, 103, 8016.00, NULL, NULL),
	(104, 104, 5405.00, NULL, NULL),
	(105, 105, 4398.00, NULL, NULL),
	(106, 106, 5729.00, NULL, NULL),
	(107, 107, 3026.00, NULL, NULL),
	(108, 108, 6828.00, NULL, NULL),
	(109, 109, 8362.00, NULL, NULL),
	(110, 110, 3363.00, NULL, NULL),
	(111, 111, 6251.00, NULL, NULL),
	(112, 112, 4348.00, NULL, NULL),
	(113, 113, 2457.00, NULL, NULL),
	(114, 114, 7057.00, NULL, NULL),
	(115, 115, 5767.00, NULL, NULL),
	(116, 116, 8113.00, NULL, NULL),
	(117, 117, 6374.00, NULL, NULL),
	(118, 118, 7268.00, NULL, NULL),
	(119, 119, 5291.00, NULL, NULL),
	(120, 120, 5483.00, NULL, NULL),
	(121, 121, 4953.00, NULL, NULL),
	(122, 122, 8790.00, NULL, NULL),
	(123, 123, 8843.00, NULL, NULL),
	(124, 124, 175.00, NULL, NULL),
	(125, 125, 1169.00, NULL, NULL),
	(126, 126, 8558.00, NULL, NULL),
	(127, 127, 7613.00, NULL, NULL),
	(128, 128, 5895.00, NULL, NULL),
	(129, 129, 5758.00, NULL, NULL),
	(130, 130, 7942.00, NULL, NULL),
	(131, 131, 2925.00, NULL, NULL),
	(132, 132, 9550.00, NULL, NULL),
	(133, 133, 4728.00, NULL, NULL),
	(134, 134, 2480.00, NULL, NULL),
	(135, 135, 4945.00, NULL, NULL),
	(136, 136, 2549.00, NULL, NULL),
	(137, 137, 8801.00, NULL, NULL),
	(138, 138, 2194.00, NULL, NULL),
	(139, 139, 9993.00, NULL, NULL),
	(140, 140, 1933.00, NULL, NULL),
	(141, 141, 3318.00, NULL, NULL),
	(142, 142, 5531.00, NULL, NULL),
	(143, 143, 4679.00, NULL, NULL),
	(144, 144, 9806.00, NULL, NULL),
	(145, 145, 2874.00, NULL, NULL),
	(146, 146, 2914.00, NULL, NULL),
	(147, 147, 9627.00, NULL, NULL),
	(148, 148, 8963.00, NULL, NULL),
	(149, 149, 3629.00, NULL, NULL),
	(150, 150, 1279.00, NULL, NULL),
	(151, 151, 7281.00, NULL, NULL),
	(152, 152, 7682.00, NULL, NULL),
	(153, 153, 9791.00, NULL, NULL),
	(154, 154, 1163.00, NULL, NULL),
	(155, 155, 1443.00, NULL, NULL),
	(156, 156, 5422.00, NULL, NULL),
	(157, 157, 7741.00, NULL, NULL),
	(158, 158, 2563.00, NULL, NULL),
	(159, 159, 4993.00, NULL, NULL),
	(160, 160, 1063.00, NULL, NULL),
	(161, 161, 2415.00, NULL, NULL),
	(162, 162, 8684.00, NULL, NULL),
	(163, 163, 7440.00, NULL, NULL),
	(164, 164, 7097.00, NULL, NULL),
	(165, 165, 968.00, NULL, NULL),
	(166, 166, 7006.00, NULL, NULL),
	(167, 167, 2794.00, NULL, NULL),
	(168, 168, 6834.00, NULL, NULL),
	(169, 169, 6991.00, NULL, NULL),
	(170, 170, 1365.00, NULL, NULL),
	(171, 171, 1128.00, NULL, NULL),
	(172, 172, 3012.00, NULL, NULL),
	(173, 173, 478.00, NULL, NULL),
	(174, 174, 213.00, NULL, NULL),
	(175, 175, 8863.00, NULL, NULL),
	(176, 176, 612.00, NULL, NULL),
	(177, 177, 1636.00, NULL, NULL),
	(178, 178, 9192.00, NULL, NULL),
	(179, 179, 441.00, NULL, NULL),
	(180, 180, 7786.00, NULL, NULL),
	(181, 181, 5669.00, NULL, NULL),
	(182, 182, 6307.00, NULL, NULL),
	(183, 183, 564.00, NULL, NULL),
	(184, 184, 6602.00, NULL, NULL),
	(185, 185, 8720.00, NULL, NULL),
	(186, 186, 5610.00, NULL, NULL),
	(187, 187, 8865.00, NULL, NULL),
	(188, 188, 3096.00, NULL, NULL),
	(189, 189, 7035.00, NULL, NULL),
	(190, 190, 298.00, NULL, NULL),
	(191, 191, 2717.00, NULL, NULL),
	(192, 192, 81.00, NULL, NULL),
	(193, 193, 2820.00, NULL, NULL),
	(194, 194, 2631.00, NULL, NULL),
	(195, 195, 1686.00, NULL, NULL),
	(196, 196, 2386.00, NULL, NULL),
	(197, 197, 4533.00, NULL, NULL),
	(198, 198, 3642.00, NULL, NULL),
	(199, 199, 8900.00, NULL, NULL),
	(200, 200, 6203.00, NULL, NULL),
	(201, 201, 5222.00, NULL, NULL),
	(202, 202, 4809.00, NULL, NULL),
	(203, 203, 4001.00, NULL, NULL),
	(204, 204, 3805.00, NULL, NULL),
	(205, 205, 2398.00, NULL, NULL),
	(206, 206, 106.00, NULL, NULL),
	(207, 207, 2865.00, NULL, NULL),
	(208, 208, 2665.00, NULL, NULL),
	(209, 209, 5282.00, NULL, NULL),
	(210, 210, 9163.00, NULL, NULL),
	(211, 211, 9163.00, NULL, NULL),
	(212, 212, 9511.00, NULL, NULL),
	(213, 213, 8208.00, NULL, NULL),
	(214, 214, 5851.00, NULL, NULL),
	(215, 215, 8038.00, NULL, NULL),
	(216, 216, 6706.00, NULL, NULL),
	(217, 217, 4993.00, NULL, NULL),
	(218, 218, 1189.00, NULL, NULL),
	(219, 219, 9999.00, NULL, NULL),
	(220, 220, 544.00, NULL, NULL),
	(221, 221, 5035.00, NULL, NULL),
	(222, 222, 9455.00, NULL, NULL),
	(223, 223, 4379.00, NULL, NULL),
	(224, 224, 8097.00, NULL, NULL),
	(225, 225, 775.00, NULL, NULL),
	(226, 226, 4297.00, NULL, NULL),
	(227, 227, 2997.00, NULL, NULL),
	(228, 228, 3638.00, NULL, NULL),
	(229, 229, 1576.00, NULL, NULL),
	(230, 230, 6098.00, NULL, NULL),
	(231, 231, 3976.00, NULL, NULL),
	(232, 232, 7785.00, NULL, NULL),
	(233, 233, 5486.00, NULL, NULL),
	(234, 234, 4519.00, NULL, NULL),
	(235, 235, 2856.00, NULL, NULL),
	(236, 236, 534.00, NULL, NULL),
	(237, 237, 9977.00, NULL, NULL),
	(238, 238, 3157.00, NULL, NULL),
	(239, 239, 6003.00, NULL, NULL),
	(240, 240, 9698.00, NULL, NULL),
	(241, 241, 7857.00, NULL, NULL),
	(242, 242, 4739.00, NULL, NULL),
	(243, 243, 9421.00, NULL, NULL),
	(244, 244, 5846.00, NULL, NULL),
	(245, 245, 8262.00, NULL, NULL),
	(246, 246, 7736.00, NULL, NULL),
	(247, 247, 5440.00, NULL, NULL),
	(248, 248, 5374.00, NULL, NULL),
	(249, 249, 5084.00, NULL, NULL),
	(250, 250, 5687.00, NULL, NULL),
	(251, 251, 3624.00, NULL, NULL),
	(252, 252, 7323.00, NULL, NULL),
	(253, 253, 4071.00, NULL, NULL),
	(254, 254, 1041.00, NULL, NULL),
	(255, 255, 8278.00, NULL, NULL),
	(256, 256, 6181.00, NULL, NULL),
	(257, 257, 6281.00, NULL, NULL),
	(258, 258, 4887.00, NULL, NULL),
	(259, 259, 8427.00, NULL, NULL),
	(260, 260, 2464.00, NULL, NULL),
	(261, 261, 113.00, NULL, NULL),
	(262, 262, 3050.00, NULL, NULL),
	(263, 263, 3223.00, NULL, NULL),
	(264, 264, 1101.00, NULL, NULL),
	(265, 265, 4280.00, NULL, NULL),
	(266, 266, 2386.00, NULL, NULL),
	(267, 267, 5015.00, NULL, NULL),
	(268, 268, 6101.00, NULL, NULL),
	(269, 269, 2200.00, NULL, NULL),
	(270, 270, 9274.00, NULL, NULL),
	(271, 271, 4562.00, NULL, NULL),
	(272, 272, 6589.00, NULL, NULL),
	(273, 273, 3957.00, NULL, NULL),
	(274, 274, 339.00, NULL, NULL),
	(275, 275, 8825.00, NULL, NULL),
	(276, 276, 5408.00, NULL, NULL),
	(277, 277, 3199.00, NULL, NULL),
	(278, 278, 823.00, NULL, NULL),
	(279, 279, 5355.00, NULL, NULL),
	(280, 280, 7226.00, NULL, NULL),
	(281, 281, 9929.00, NULL, NULL),
	(282, 282, 7520.00, NULL, NULL),
	(283, 283, 7725.00, NULL, NULL),
	(284, 284, 2726.00, NULL, NULL),
	(285, 285, 8103.00, NULL, NULL),
	(286, 286, 1881.00, NULL, NULL),
	(287, 287, 9765.00, NULL, NULL),
	(288, 288, 9828.00, NULL, NULL),
	(289, 289, 2883.00, NULL, NULL),
	(290, 290, 8583.00, NULL, NULL),
	(291, 291, 5412.00, NULL, NULL),
	(292, 292, 8501.00, NULL, NULL),
	(293, 293, 815.00, NULL, NULL),
	(294, 294, 8590.00, NULL, NULL),
	(295, 295, 6392.00, NULL, NULL),
	(296, 296, 7300.00, NULL, NULL),
	(297, 297, 448.00, NULL, NULL),
	(298, 298, 7338.00, NULL, NULL),
	(299, 299, 9260.00, NULL, NULL),
	(300, 300, 573.00, NULL, NULL),
	(301, 301, 9401.00, NULL, NULL),
	(302, 302, 3219.00, NULL, NULL),
	(303, 303, 5019.00, NULL, NULL),
	(304, 304, 3361.00, NULL, NULL),
	(305, 305, 2248.00, NULL, NULL),
	(306, 306, 6422.00, NULL, NULL),
	(307, 307, 7732.00, NULL, NULL),
	(308, 308, 5381.00, NULL, NULL),
	(309, 309, 4825.00, NULL, NULL),
	(310, 310, 4856.00, NULL, NULL),
	(311, 311, 3043.00, NULL, NULL),
	(312, 312, 6178.00, NULL, NULL),
	(313, 313, 8358.00, NULL, NULL),
	(314, 314, 8734.00, NULL, NULL),
	(315, 315, 2887.00, NULL, NULL),
	(316, 316, 9545.00, NULL, NULL),
	(317, 317, 1111.00, NULL, NULL),
	(318, 318, 2365.00, NULL, NULL),
	(319, 319, 179.00, NULL, NULL),
	(320, 320, 9205.00, NULL, NULL),
	(321, 321, 8871.00, NULL, NULL),
	(322, 322, 5402.00, NULL, NULL),
	(323, 323, 4925.00, NULL, NULL),
	(324, 324, 8763.00, NULL, NULL),
	(325, 325, 5412.00, NULL, NULL),
	(326, 326, 4801.00, NULL, NULL),
	(327, 327, 2706.00, NULL, NULL),
	(328, 328, 1336.00, NULL, NULL),
	(329, 329, 8918.00, NULL, NULL),
	(330, 330, 6162.00, NULL, NULL),
	(331, 331, 2758.00, NULL, NULL),
	(332, 332, 1433.00, NULL, NULL),
	(333, 333, 5358.00, NULL, NULL),
	(334, 334, 2679.00, NULL, NULL),
	(335, 335, 4224.00, NULL, NULL),
	(336, 336, 8035.00, NULL, NULL),
	(337, 337, 1941.00, NULL, NULL),
	(338, 338, 6726.00, NULL, NULL),
	(339, 339, 6921.00, NULL, NULL),
	(340, 340, 885.00, NULL, NULL),
	(341, 341, 2207.00, NULL, NULL),
	(342, 342, 1511.00, NULL, NULL),
	(343, 343, 5362.00, NULL, NULL),
	(344, 344, 4971.00, NULL, NULL),
	(345, 345, 3531.00, NULL, NULL),
	(346, 346, 1397.00, NULL, NULL),
	(347, 347, 6997.00, NULL, NULL),
	(348, 348, 5837.00, NULL, NULL),
	(349, 349, 5090.00, NULL, NULL),
	(350, 350, 2412.00, NULL, NULL),
	(351, 351, 5866.00, NULL, NULL),
	(352, 352, 7247.00, NULL, NULL),
	(353, 353, 9242.00, NULL, NULL),
	(354, 354, 1038.00, NULL, NULL),
	(355, 355, 4898.00, NULL, NULL),
	(356, 356, 1443.00, NULL, NULL),
	(357, 357, 5548.00, NULL, NULL),
	(358, 358, 1381.00, NULL, NULL),
	(359, 359, 9343.00, NULL, NULL),
	(360, 360, 168.00, NULL, NULL),
	(361, 361, 2663.00, NULL, NULL),
	(362, 362, 9640.00, NULL, NULL),
	(363, 363, 9408.00, NULL, NULL),
	(364, 364, 5215.00, NULL, NULL),
	(365, 365, 3250.00, NULL, NULL),
	(366, 366, 3673.00, NULL, NULL),
	(367, 367, 9507.00, NULL, NULL),
	(368, 368, 1650.00, NULL, NULL),
	(369, 369, 5739.00, NULL, NULL),
	(370, 370, 2451.00, NULL, NULL),
	(371, 371, 289.00, NULL, NULL),
	(372, 372, 723.00, NULL, NULL),
	(373, 373, 8477.00, NULL, NULL),
	(374, 374, 5835.00, NULL, NULL),
	(375, 375, 2107.00, NULL, NULL),
	(376, 376, 9807.00, NULL, NULL),
	(377, 377, 6910.00, NULL, NULL),
	(378, 378, 2897.00, NULL, NULL),
	(379, 379, 4010.00, NULL, NULL),
	(380, 380, 7377.00, NULL, NULL),
	(381, 381, 8332.00, NULL, NULL),
	(382, 382, 6469.00, NULL, NULL),
	(383, 383, 2088.00, NULL, NULL),
	(384, 384, 1717.00, NULL, NULL),
	(385, 385, 8849.00, NULL, NULL),
	(386, 386, 5759.00, NULL, NULL),
	(387, 387, 6777.00, NULL, NULL),
	(388, 388, 8900.00, NULL, NULL),
	(389, 389, 4846.00, NULL, NULL),
	(390, 390, 8921.00, NULL, NULL),
	(391, 391, 2756.00, NULL, NULL),
	(392, 392, 2972.00, NULL, NULL),
	(393, 393, 4717.00, NULL, NULL),
	(394, 394, 186.00, NULL, NULL),
	(395, 395, 5345.00, NULL, NULL),
	(396, 396, 6591.00, NULL, NULL),
	(397, 397, 270.00, NULL, NULL),
	(398, 398, 8234.00, NULL, NULL),
	(399, 399, 8021.00, NULL, NULL),
	(400, 400, 7210.00, NULL, NULL),
	(401, 401, 4180.00, NULL, NULL),
	(402, 402, 6579.00, NULL, NULL),
	(403, 403, 7818.00, NULL, NULL),
	(404, 404, 8048.00, NULL, NULL),
	(405, 405, 6567.00, NULL, NULL),
	(406, 406, 7714.00, NULL, NULL),
	(407, 407, 2368.00, NULL, NULL),
	(408, 408, 683.00, NULL, NULL),
	(409, 409, 3745.00, NULL, NULL),
	(410, 410, 2598.00, NULL, NULL),
	(411, 411, 9353.00, NULL, NULL),
	(412, 412, 1086.00, NULL, NULL),
	(413, 413, 6754.00, NULL, NULL),
	(414, 414, 7772.00, NULL, NULL),
	(415, 415, 233.00, NULL, NULL),
	(416, 416, 9013.00, NULL, NULL),
	(417, 417, 596.00, NULL, NULL),
	(418, 418, 4446.00, NULL, NULL),
	(419, 419, 7192.00, NULL, NULL),
	(420, 420, 7501.00, NULL, NULL),
	(421, 421, 4459.00, NULL, NULL),
	(422, 422, 290.00, NULL, NULL),
	(423, 423, 8471.00, NULL, NULL),
	(424, 424, 8006.00, NULL, NULL),
	(425, 425, 9149.00, NULL, NULL),
	(426, 426, 1998.00, NULL, NULL),
	(427, 427, 6876.00, NULL, NULL),
	(428, 428, 7695.00, NULL, NULL),
	(429, 429, 2257.00, NULL, NULL),
	(430, 430, 2867.00, NULL, NULL),
	(431, 431, 630.00, NULL, NULL),
	(432, 432, 2299.00, NULL, NULL),
	(433, 433, 7790.00, NULL, NULL),
	(434, 434, 5228.00, NULL, NULL),
	(435, 435, 7536.00, NULL, NULL),
	(436, 436, 8205.00, NULL, NULL),
	(437, 437, 634.00, NULL, NULL),
	(438, 438, 8181.00, NULL, NULL),
	(439, 439, 4029.00, NULL, NULL),
	(440, 440, 4305.00, NULL, NULL),
	(441, 441, 2558.00, NULL, NULL),
	(442, 442, 3332.00, NULL, NULL),
	(443, 443, 2982.00, NULL, NULL),
	(444, 444, 8457.00, NULL, NULL),
	(445, 445, 6804.00, NULL, NULL),
	(446, 446, 3314.00, NULL, NULL),
	(447, 447, 2109.00, NULL, NULL),
	(448, 448, 5324.00, NULL, NULL),
	(449, 449, 8409.00, NULL, NULL),
	(450, 450, 1875.00, NULL, NULL),
	(451, 451, 9855.00, NULL, NULL),
	(452, 452, 8200.00, NULL, NULL),
	(453, 453, 5530.00, NULL, NULL),
	(454, 454, 5249.00, NULL, NULL),
	(455, 455, 8839.00, NULL, NULL),
	(456, 456, 5648.00, NULL, NULL),
	(457, 457, 1302.00, NULL, NULL),
	(458, 458, 7363.00, NULL, NULL),
	(459, 459, 8940.00, NULL, NULL),
	(460, 460, 5163.00, NULL, NULL),
	(461, 461, 7123.00, NULL, NULL),
	(462, 462, 3559.00, NULL, NULL),
	(463, 463, 9622.00, NULL, NULL),
	(464, 464, 3663.00, NULL, NULL),
	(465, 465, 450.00, NULL, NULL),
	(466, 466, 2727.00, NULL, NULL),
	(467, 467, 4341.00, NULL, NULL),
	(468, 468, 3155.00, NULL, NULL),
	(469, 469, 2238.00, NULL, NULL),
	(470, 470, 586.00, NULL, NULL),
	(471, 471, 6061.00, NULL, NULL),
	(472, 472, 1289.00, NULL, NULL),
	(473, 473, 1746.00, NULL, NULL),
	(474, 474, 7001.00, NULL, NULL),
	(475, 475, 612.00, NULL, NULL),
	(476, 476, 4347.00, NULL, NULL),
	(477, 477, 900.00, NULL, NULL),
	(478, 478, 4821.00, NULL, NULL),
	(479, 479, 7843.00, NULL, NULL),
	(480, 480, 6906.00, NULL, NULL),
	(481, 481, 7255.00, NULL, NULL),
	(482, 482, 3703.00, NULL, NULL),
	(483, 483, 8682.00, NULL, NULL),
	(484, 484, 234.00, NULL, NULL),
	(485, 485, 9824.00, NULL, NULL),
	(486, 486, 4616.00, NULL, NULL),
	(487, 487, 9456.00, NULL, NULL),
	(488, 488, 1755.00, NULL, NULL),
	(489, 489, 9159.00, NULL, NULL),
	(490, 490, 1680.00, NULL, NULL),
	(491, 491, 8109.00, NULL, NULL),
	(492, 492, 7361.00, NULL, NULL),
	(493, 493, 4893.00, NULL, NULL),
	(494, 494, 3542.00, NULL, NULL),
	(495, 495, 8730.00, NULL, NULL),
	(496, 496, 7049.00, NULL, NULL),
	(497, 497, 4538.00, NULL, NULL),
	(498, 498, 2221.00, NULL, NULL),
	(499, 499, 6717.00, NULL, NULL),
	(500, 500, 8159.00, NULL, NULL);
/*!40000 ALTER TABLE `prices` ENABLE KEYS */;

-- Дамп структуры для таблица laravel_livewire.products
CREATE TABLE `products` (
  `id` bigint(20) unsigned NOT NULL AUTO_INCREMENT,
  `title` varchar(255) COLLATE utf8mb4_unicode_ci NOT NULL,
  `slug` varchar(255) COLLATE utf8mb4_unicode_ci NOT NULL,
  `image` varchar(255) COLLATE utf8mb4_unicode_ci DEFAULT NULL,
  `created_at` timestamp NULL DEFAULT NULL,
  `updated_at` timestamp NULL DEFAULT NULL,
  PRIMARY KEY (`id`)
) ENGINE=InnoDB AUTO_INCREMENT=501 DEFAULT CHARSET=utf8mb4 COLLATE=utf8mb4_unicode_ci;

-- Дамп данных таблицы laravel_livewire.products: ~500 rows (приблизительно)
/*!40000 ALTER TABLE `products` DISABLE KEYS */;
INSERT INTO `products` (`id`, `title`, `slug`, `image`, `created_at`, `updated_at`) VALUES
	(1, 'Waters-Hartmann', 'waters-hartmann', NULL, NULL, NULL),
	(2, 'Kunde-Abernathy', 'kunde-abernathy', NULL, NULL, NULL),
	(3, 'Weber LLC', 'weber-llc', NULL, NULL, NULL),
	(4, 'Gulgowski, Flatley and Corkery', 'gulgowski-flatley-and-corkery', NULL, NULL, NULL),
	(5, 'Kunde, Gutkowski and VonRueden', 'kunde-gutkowski-and-vonrueden', NULL, NULL, NULL),
	(6, 'Connelly-Bernier', 'connelly-bernier', NULL, NULL, NULL),
	(7, 'Schuster-Hayes', 'schuster-hayes', NULL, NULL, NULL),
	(8, 'Casper, Stamm and Weimann', 'casper-stamm-and-weimann', NULL, NULL, NULL),
	(9, 'Bins, Kemmer and Cole', 'bins-kemmer-and-cole', NULL, NULL, NULL),
	(10, 'Schaefer, Padberg and Hessel', 'schaefer-padberg-and-hessel', NULL, NULL, NULL),
	(11, 'Kreiger, Schuster and Kassulke', 'kreiger-schuster-and-kassulke', NULL, NULL, NULL),
	(12, 'Bradtke, Huels and Von', 'bradtke-huels-and-von', NULL, NULL, NULL),
	(13, 'Braun, Luettgen and Littel', 'braun-luettgen-and-littel', NULL, NULL, NULL),
	(14, 'Cremin Ltd', 'cremin-ltd', NULL, NULL, NULL),
	(15, 'Moen, Wisozk and Wiza', 'moen-wisozk-and-wiza', NULL, NULL, NULL),
	(16, 'Bailey-Beatty', 'bailey-beatty', NULL, NULL, NULL),
	(17, 'Rodriguez, Gutkowski and Willms', 'rodriguez-gutkowski-and-willms', NULL, NULL, NULL),
	(18, 'Wilkinson, Moore and Smith', 'wilkinson-moore-and-smith', NULL, NULL, NULL),
	(19, 'Gutkowski, Koepp and Hyatt', 'gutkowski-koepp-and-hyatt', NULL, NULL, NULL),
	(20, 'Mitchell-Koepp', 'mitchell-koepp', NULL, NULL, NULL),
	(21, 'Littel, Effertz and Rodriguez', 'littel-effertz-and-rodriguez', NULL, NULL, NULL),
	(22, 'Fadel, Crona and Langworth', 'fadel-crona-and-langworth', NULL, NULL, NULL),
	(23, 'Cremin Group', 'cremin-group', NULL, NULL, NULL),
	(24, 'Streich-Spinka', 'streich-spinka', NULL, NULL, NULL),
	(25, 'Paucek-Cole', 'paucek-cole', NULL, NULL, NULL),
	(26, 'McLaughlin, Moore and Bosco', 'mclaughlin-moore-and-bosco', NULL, NULL, NULL),
	(27, 'Rice Inc', 'rice-inc', NULL, NULL, NULL),
	(28, 'Heaney, Runolfsson and Davis', 'heaney-runolfsson-and-davis', NULL, NULL, NULL),
	(29, 'Botsford-Gutkowski', 'botsford-gutkowski', NULL, NULL, NULL),
	(30, 'Ullrich-Cassin', 'ullrich-cassin', NULL, NULL, NULL),
	(31, 'Hettinger, Schimmel and Torp', 'hettinger-schimmel-and-torp', NULL, NULL, NULL),
	(32, 'Bode Inc', 'bode-inc', NULL, NULL, NULL),
	(33, 'Sauer and Sons', 'sauer-and-sons', NULL, NULL, NULL),
	(34, 'Jakubowski LLC', 'jakubowski-llc', NULL, NULL, NULL),
	(35, 'Treutel Inc', 'treutel-inc', NULL, NULL, NULL),
	(36, 'Tremblay, Stehr and Homenick', 'tremblay-stehr-and-homenick', NULL, NULL, NULL),
	(37, 'Christiansen, Ernser and Ward', 'christiansen-ernser-and-ward', NULL, NULL, NULL),
	(38, 'Green-McClure', 'green-mcclure', NULL, NULL, NULL),
	(39, 'Roob-Hansen', 'roob-hansen', NULL, NULL, NULL),
	(40, 'Walter-Macejkovic', 'walter-macejkovic', NULL, NULL, NULL),
	(41, 'Eichmann Ltd', 'eichmann-ltd', NULL, NULL, NULL),
	(42, 'Murazik PLC', 'murazik-plc', NULL, NULL, NULL),
	(43, 'Hayes PLC', 'hayes-plc', NULL, NULL, NULL),
	(44, 'Turner PLC', 'turner-plc', NULL, NULL, NULL),
	(45, 'Toy-Kerluke', 'toy-kerluke', NULL, NULL, NULL),
	(46, 'Wisoky-Kautzer', 'wisoky-kautzer', NULL, NULL, NULL),
	(47, 'Mayert Group', 'mayert-group', NULL, NULL, NULL),
	(48, 'Kulas, Willms and Feeney', 'kulas-willms-and-feeney', NULL, NULL, NULL),
	(49, 'Kautzer Inc', 'kautzer-inc', NULL, NULL, NULL),
	(50, 'Kunze-Gibson', 'kunze-gibson', NULL, NULL, NULL),
	(51, 'McKenzie-Gleason', 'mckenzie-gleason', NULL, NULL, NULL),
	(52, 'Homenick Group', 'homenick-group', NULL, NULL, NULL),
	(53, 'Hammes-Roberts', 'hammes-roberts', NULL, NULL, NULL),
	(54, 'Abbott, Legros and Spinka', 'abbott-legros-and-spinka', NULL, NULL, NULL),
	(55, 'Beer Inc', 'beer-inc', NULL, NULL, NULL),
	(56, 'Veum-Koss', 'veum-koss', NULL, NULL, NULL),
	(57, 'Heathcote-Rolfson', 'heathcote-rolfson', NULL, NULL, NULL),
	(58, 'Lowe, Hammes and Emard', 'lowe-hammes-and-emard', NULL, NULL, NULL),
	(59, 'Terry LLC', 'terry-llc', NULL, NULL, NULL),
	(60, 'Fahey-Russel', 'fahey-russel', NULL, NULL, NULL),
	(61, 'Carroll-Gaylord', 'carroll-gaylord', NULL, NULL, NULL),
	(62, 'Rodriguez-Jaskolski', 'rodriguez-jaskolski', NULL, NULL, NULL),
	(63, 'Macejkovic Ltd', 'macejkovic-ltd', NULL, NULL, NULL),
	(64, 'Gutkowski-Orn', 'gutkowski-orn', NULL, NULL, NULL),
	(65, 'Kautzer and Sons', 'kautzer-and-sons', NULL, NULL, NULL),
	(66, 'Jones-Walsh', 'jones-walsh', NULL, NULL, NULL),
	(67, 'McKenzie, Tillman and Schneider', 'mckenzie-tillman-and-schneider', NULL, NULL, NULL),
	(68, 'Miller LLC', 'miller-llc', NULL, NULL, NULL),
	(69, 'Berge Ltd', 'berge-ltd', NULL, NULL, NULL),
	(70, 'Rath-Breitenberg', 'rath-breitenberg', NULL, NULL, NULL),
	(71, 'Smitham, Blick and Pfannerstill', 'smitham-blick-and-pfannerstill', NULL, NULL, NULL),
	(72, 'Kuhic Group', 'kuhic-group', NULL, NULL, NULL),
	(73, 'Barton, Morissette and Lockman', 'barton-morissette-and-lockman', NULL, NULL, NULL),
	(74, 'Wilderman PLC', 'wilderman-plc', NULL, NULL, NULL),
	(75, 'Parisian-Will', 'parisian-will', NULL, NULL, NULL),
	(76, 'Auer Ltd', 'auer-ltd', NULL, NULL, NULL),
	(77, 'Kautzer-Goyette', 'kautzer-goyette', NULL, NULL, NULL),
	(78, 'Vandervort, Franecki and Bahringer', 'vandervort-franecki-and-bahringer', NULL, NULL, NULL),
	(79, 'Prohaska LLC', 'prohaska-llc', NULL, NULL, NULL),
	(80, 'Heaney LLC', 'heaney-llc', NULL, NULL, NULL),
	(81, 'Dickinson, Jast and Lebsack', 'dickinson-jast-and-lebsack', NULL, NULL, NULL),
	(82, 'Corwin, Kassulke and Bergstrom', 'corwin-kassulke-and-bergstrom', NULL, NULL, NULL),
	(83, 'O\'Connell, Waelchi and McGlynn', 'oconnell-waelchi-and-mcglynn', NULL, NULL, NULL),
	(84, 'Wuckert PLC', 'wuckert-plc', NULL, NULL, NULL),
	(85, 'Huel-O\'Hara', 'huel-ohara', NULL, NULL, NULL),
	(86, 'Hudson-Heller', 'hudson-heller', NULL, NULL, NULL),
	(87, 'Mante LLC', 'mante-llc', NULL, NULL, NULL),
	(88, 'Kertzmann PLC', 'kertzmann-plc', NULL, NULL, NULL),
	(89, 'Watsica Group', 'watsica-group', NULL, NULL, NULL),
	(90, 'Ankunding-Stracke', 'ankunding-stracke', NULL, NULL, NULL),
	(91, 'Jaskolski, Kozey and Shields', 'jaskolski-kozey-and-shields', NULL, NULL, NULL),
	(92, 'Jerde-Labadie', 'jerde-labadie', NULL, NULL, NULL),
	(93, 'Zulauf, Langosh and Little', 'zulauf-langosh-and-little', NULL, NULL, NULL),
	(94, 'Skiles and Sons', 'skiles-and-sons', NULL, NULL, NULL),
	(95, 'Klein Inc', 'klein-inc', NULL, NULL, NULL),
	(96, 'Bradtke-Dooley', 'bradtke-dooley', NULL, NULL, NULL),
	(97, 'Hansen-Effertz', 'hansen-effertz', NULL, NULL, NULL),
	(98, 'Kshlerin and Sons', 'kshlerin-and-sons', NULL, NULL, NULL),
	(99, 'Padberg-Morissette', 'padberg-morissette', NULL, NULL, NULL),
	(100, 'Kuhn, Hill and Veum', 'kuhn-hill-and-veum', NULL, NULL, NULL),
	(101, 'Kassulke, Koelpin and Cassin', 'kassulke-koelpin-and-cassin', NULL, NULL, NULL),
	(102, 'Altenwerth-Lueilwitz', 'altenwerth-lueilwitz', NULL, NULL, NULL),
	(103, 'Zulauf Inc', 'zulauf-inc', NULL, NULL, NULL),
	(104, 'O\'Keefe, Runolfsson and Paucek', 'okeefe-runolfsson-and-paucek', NULL, NULL, NULL),
	(105, 'Cormier, Homenick and Bauch', 'cormier-homenick-and-bauch', NULL, NULL, NULL),
	(106, 'Ernser LLC', 'ernser-llc', NULL, NULL, NULL),
	(107, 'Romaguera Inc', 'romaguera-inc', NULL, NULL, NULL),
	(108, 'Doyle, Bergnaum and Huel', 'doyle-bergnaum-and-huel', NULL, NULL, NULL),
	(109, 'Weissnat-Morissette', 'weissnat-morissette', NULL, NULL, NULL),
	(110, 'Hoeger Inc', 'hoeger-inc', NULL, NULL, NULL),
	(111, 'McCullough, Ritchie and Hagenes', 'mccullough-ritchie-and-hagenes', NULL, NULL, NULL),
	(112, 'Effertz-Klein', 'effertz-klein', NULL, NULL, NULL),
	(113, 'Johnson, Mayer and Gulgowski', 'johnson-mayer-and-gulgowski', NULL, NULL, NULL),
	(114, 'Kling PLC', 'kling-plc', NULL, NULL, NULL),
	(115, 'Stokes, Leannon and Cartwright', 'stokes-leannon-and-cartwright', NULL, NULL, NULL),
	(116, 'Oberbrunner-Marvin', 'oberbrunner-marvin', NULL, NULL, NULL),
	(117, 'Ward, Mertz and Spencer', 'ward-mertz-and-spencer', NULL, NULL, NULL),
	(118, 'Bergnaum, Fritsch and Hill', 'bergnaum-fritsch-and-hill', NULL, NULL, NULL),
	(119, 'Kshlerin and Sons', 'kshlerin-and-sons', NULL, NULL, NULL),
	(120, 'King, Bruen and Bins', 'king-bruen-and-bins', NULL, NULL, NULL),
	(121, 'Williamson and Sons', 'williamson-and-sons', NULL, NULL, NULL),
	(122, 'Kirlin-Ferry', 'kirlin-ferry', NULL, NULL, NULL),
	(123, 'Kuvalis, Steuber and Luettgen', 'kuvalis-steuber-and-luettgen', NULL, NULL, NULL),
	(124, 'Wolff-Cremin', 'wolff-cremin', NULL, NULL, NULL),
	(125, 'Bins, Ortiz and Kovacek', 'bins-ortiz-and-kovacek', NULL, NULL, NULL),
	(126, 'Turner Ltd', 'turner-ltd', NULL, NULL, NULL),
	(127, 'Wisozk, Schmitt and Shanahan', 'wisozk-schmitt-and-shanahan', NULL, NULL, NULL),
	(128, 'Wiegand-Waters', 'wiegand-waters', NULL, NULL, NULL),
	(129, 'Von, Christiansen and Ziemann', 'von-christiansen-and-ziemann', NULL, NULL, NULL),
	(130, 'Lehner Inc', 'lehner-inc', NULL, NULL, NULL),
	(131, 'Yundt, Yost and Erdman', 'yundt-yost-and-erdman', NULL, NULL, NULL),
	(132, 'Fay, Mitchell and Muller', 'fay-mitchell-and-muller', NULL, NULL, NULL),
	(133, 'Pagac-Bogisich', 'pagac-bogisich', NULL, NULL, NULL),
	(134, 'Schulist Ltd', 'schulist-ltd', NULL, NULL, NULL),
	(135, 'Macejkovic-Heathcote', 'macejkovic-heathcote', NULL, NULL, NULL),
	(136, 'Wuckert-Jast', 'wuckert-jast', NULL, NULL, NULL),
	(137, 'Hoeger, Welch and Mertz', 'hoeger-welch-and-mertz', NULL, NULL, NULL),
	(138, 'Ledner Ltd', 'ledner-ltd', NULL, NULL, NULL),
	(139, 'Jacobi-Reynolds', 'jacobi-reynolds', NULL, NULL, NULL),
	(140, 'Lemke-Gutkowski', 'lemke-gutkowski', NULL, NULL, NULL),
	(141, 'Kerluke, Kunze and Hyatt', 'kerluke-kunze-and-hyatt', NULL, NULL, NULL),
	(142, 'Hodkiewicz LLC', 'hodkiewicz-llc', NULL, NULL, NULL),
	(143, 'Deckow-Rempel', 'deckow-rempel', NULL, NULL, NULL),
	(144, 'Upton, Erdman and Stoltenberg', 'upton-erdman-and-stoltenberg', NULL, NULL, NULL),
	(145, 'Heller-Hettinger', 'heller-hettinger', NULL, NULL, NULL),
	(146, 'Jacobs, Paucek and VonRueden', 'jacobs-paucek-and-vonrueden', NULL, NULL, NULL),
	(147, 'Jacobi, Wunsch and Nicolas', 'jacobi-wunsch-and-nicolas', NULL, NULL, NULL),
	(148, 'Kihn-Crona', 'kihn-crona', NULL, NULL, NULL),
	(149, 'Friesen Inc', 'friesen-inc', NULL, NULL, NULL),
	(150, 'Gulgowski PLC', 'gulgowski-plc', NULL, NULL, NULL),
	(151, 'Rodriguez-Cartwright', 'rodriguez-cartwright', NULL, NULL, NULL),
	(152, 'White, O\'Kon and Hilpert', 'white-okon-and-hilpert', NULL, NULL, NULL),
	(153, 'Murphy LLC', 'murphy-llc', NULL, NULL, NULL),
	(154, 'Stokes, Corkery and Lueilwitz', 'stokes-corkery-and-lueilwitz', NULL, NULL, NULL),
	(155, 'Spencer, McCullough and Eichmann', 'spencer-mccullough-and-eichmann', NULL, NULL, NULL),
	(156, 'Larson, Altenwerth and Wintheiser', 'larson-altenwerth-and-wintheiser', NULL, NULL, NULL),
	(157, 'Welch, Kohler and Goyette', 'welch-kohler-and-goyette', NULL, NULL, NULL),
	(158, 'Johnston Ltd', 'johnston-ltd', NULL, NULL, NULL),
	(159, 'Gutmann Ltd', 'gutmann-ltd', NULL, NULL, NULL),
	(160, 'Ankunding LLC', 'ankunding-llc', NULL, NULL, NULL),
	(161, 'Lemke Group', 'lemke-group', NULL, NULL, NULL),
	(162, 'Jaskolski, DuBuque and Kunze', 'jaskolski-dubuque-and-kunze', NULL, NULL, NULL),
	(163, 'Rogahn PLC', 'rogahn-plc', NULL, NULL, NULL),
	(164, 'Dooley LLC', 'dooley-llc', NULL, NULL, NULL),
	(165, 'Cole, Hegmann and Cruickshank', 'cole-hegmann-and-cruickshank', NULL, NULL, NULL),
	(166, 'Kovacek-Feeney', 'kovacek-feeney', NULL, NULL, NULL),
	(167, 'Roob-Koepp', 'roob-koepp', NULL, NULL, NULL),
	(168, 'Reilly, Cronin and Auer', 'reilly-cronin-and-auer', NULL, NULL, NULL),
	(169, 'Fisher, Koelpin and Dickinson', 'fisher-koelpin-and-dickinson', NULL, NULL, NULL),
	(170, 'Stiedemann-Schultz', 'stiedemann-schultz', NULL, NULL, NULL),
	(171, 'Jacobs, Luettgen and Crooks', 'jacobs-luettgen-and-crooks', NULL, NULL, NULL),
	(172, 'Brekke Group', 'brekke-group', NULL, NULL, NULL),
	(173, 'Blick Ltd', 'blick-ltd', NULL, NULL, NULL),
	(174, 'Kerluke-Hansen', 'kerluke-hansen', NULL, NULL, NULL),
	(175, 'Gleichner and Sons', 'gleichner-and-sons', NULL, NULL, NULL),
	(176, 'Hill LLC', 'hill-llc', NULL, NULL, NULL),
	(177, 'Daugherty, Sauer and Mraz', 'daugherty-sauer-and-mraz', NULL, NULL, NULL),
	(178, 'Bauch-Paucek', 'bauch-paucek', NULL, NULL, NULL),
	(179, 'Breitenberg Inc', 'breitenberg-inc', NULL, NULL, NULL),
	(180, 'Glover, Schulist and Gaylord', 'glover-schulist-and-gaylord', NULL, NULL, NULL),
	(181, 'Marks-Rodriguez', 'marks-rodriguez', NULL, NULL, NULL),
	(182, 'Spencer-Heathcote', 'spencer-heathcote', NULL, NULL, NULL),
	(183, 'Baumbach Group', 'baumbach-group', NULL, NULL, NULL),
	(184, 'Kemmer Inc', 'kemmer-inc', NULL, NULL, NULL),
	(185, 'Vandervort-Crona', 'vandervort-crona', NULL, NULL, NULL),
	(186, 'Price Inc', 'price-inc', NULL, NULL, NULL),
	(187, 'Osinski, Ledner and Gutkowski', 'osinski-ledner-and-gutkowski', NULL, NULL, NULL),
	(188, 'Watsica, Hartmann and McGlynn', 'watsica-hartmann-and-mcglynn', NULL, NULL, NULL),
	(189, 'Kihn, Dickens and Quigley', 'kihn-dickens-and-quigley', NULL, NULL, NULL),
	(190, 'Greenfelder, McGlynn and Bauch', 'greenfelder-mcglynn-and-bauch', NULL, NULL, NULL),
	(191, 'Mante PLC', 'mante-plc', NULL, NULL, NULL),
	(192, 'Treutel, Ondricka and Mosciski', 'treutel-ondricka-and-mosciski', NULL, NULL, NULL),
	(193, 'Renner, Wolff and Spencer', 'renner-wolff-and-spencer', NULL, NULL, NULL),
	(194, 'Bahringer and Sons', 'bahringer-and-sons', NULL, NULL, NULL),
	(195, 'Langosh, Rippin and Gibson', 'langosh-rippin-and-gibson', NULL, NULL, NULL),
	(196, 'Brekke PLC', 'brekke-plc', NULL, NULL, NULL),
	(197, 'Schroeder, Boehm and Kunde', 'schroeder-boehm-and-kunde', NULL, NULL, NULL),
	(198, 'Krajcik, Barton and Brakus', 'krajcik-barton-and-brakus', NULL, NULL, NULL),
	(199, 'Mraz PLC', 'mraz-plc', NULL, NULL, NULL),
	(200, 'Paucek-Cummerata', 'paucek-cummerata', NULL, NULL, NULL),
	(201, 'Ritchie-Schneider', 'ritchie-schneider', NULL, NULL, NULL),
	(202, 'Gutkowski Group', 'gutkowski-group', NULL, NULL, NULL),
	(203, 'Kunde-Christiansen', 'kunde-christiansen', NULL, NULL, NULL),
	(204, 'Johns-Konopelski', 'johns-konopelski', NULL, NULL, NULL),
	(205, 'Blick, Mann and Hilpert', 'blick-mann-and-hilpert', NULL, NULL, NULL),
	(206, 'Nader Group', 'nader-group', NULL, NULL, NULL),
	(207, 'Moore Inc', 'moore-inc', NULL, NULL, NULL),
	(208, 'Wilderman-Berge', 'wilderman-berge', NULL, NULL, NULL),
	(209, 'Turcotte, Borer and Hamill', 'turcotte-borer-and-hamill', NULL, NULL, NULL),
	(210, 'Welch LLC', 'welch-llc', NULL, NULL, NULL),
	(211, 'Bauch-Ebert', 'bauch-ebert', NULL, NULL, NULL),
	(212, 'Ratke-Kulas', 'ratke-kulas', NULL, NULL, NULL),
	(213, 'Jast, Bergstrom and Watsica', 'jast-bergstrom-and-watsica', NULL, NULL, NULL),
	(214, 'Keeling Inc', 'keeling-inc', NULL, NULL, NULL),
	(215, 'Stracke, Heathcote and Legros', 'stracke-heathcote-and-legros', NULL, NULL, NULL),
	(216, 'Hayes, Borer and McCullough', 'hayes-borer-and-mccullough', NULL, NULL, NULL),
	(217, 'Tromp-Kertzmann', 'tromp-kertzmann', NULL, NULL, NULL),
	(218, 'Kessler-Friesen', 'kessler-friesen', NULL, NULL, NULL),
	(219, 'Bogan, Stamm and Block', 'bogan-stamm-and-block', NULL, NULL, NULL),
	(220, 'O\'Reilly-Osinski', 'oreilly-osinski', NULL, NULL, NULL),
	(221, 'Goldner Inc', 'goldner-inc', NULL, NULL, NULL),
	(222, 'Bradtke, Lindgren and Crist', 'bradtke-lindgren-and-crist', NULL, NULL, NULL),
	(223, 'Graham LLC', 'graham-llc', NULL, NULL, NULL),
	(224, 'Schmitt-Kilback', 'schmitt-kilback', NULL, NULL, NULL),
	(225, 'Wiza, Weber and Blick', 'wiza-weber-and-blick', NULL, NULL, NULL),
	(226, 'Rodriguez-Cormier', 'rodriguez-cormier', NULL, NULL, NULL),
	(227, 'Mueller-Reinger', 'mueller-reinger', NULL, NULL, NULL),
	(228, 'Lakin, Bartoletti and VonRueden', 'lakin-bartoletti-and-vonrueden', NULL, NULL, NULL),
	(229, 'O\'Conner-Gerlach', 'oconner-gerlach', NULL, NULL, NULL),
	(230, 'Franecki and Sons', 'franecki-and-sons', NULL, NULL, NULL),
	(231, 'Schroeder LLC', 'schroeder-llc', NULL, NULL, NULL),
	(232, 'Keeling Ltd', 'keeling-ltd', NULL, NULL, NULL),
	(233, 'Brakus-Emard', 'brakus-emard', NULL, NULL, NULL),
	(234, 'Cremin-Pfannerstill', 'cremin-pfannerstill', NULL, NULL, NULL),
	(235, 'Cartwright, Mayer and Will', 'cartwright-mayer-and-will', NULL, NULL, NULL),
	(236, 'Prosacco-Morissette', 'prosacco-morissette', NULL, NULL, NULL),
	(237, 'Williamson-Swaniawski', 'williamson-swaniawski', NULL, NULL, NULL),
	(238, 'Braun, Wuckert and Schneider', 'braun-wuckert-and-schneider', NULL, NULL, NULL),
	(239, 'Von-Stoltenberg', 'von-stoltenberg', NULL, NULL, NULL),
	(240, 'Schultz-O\'Conner', 'schultz-oconner', NULL, NULL, NULL),
	(241, 'Shields-Blanda', 'shields-blanda', NULL, NULL, NULL),
	(242, 'Pagac, Bogan and Wiza', 'pagac-bogan-and-wiza', NULL, NULL, NULL),
	(243, 'Windler, Rice and Jenkins', 'windler-rice-and-jenkins', NULL, NULL, NULL),
	(244, 'Kunze PLC', 'kunze-plc', NULL, NULL, NULL),
	(245, 'Fadel, Oberbrunner and Graham', 'fadel-oberbrunner-and-graham', NULL, NULL, NULL),
	(246, 'Robel PLC', 'robel-plc', NULL, NULL, NULL),
	(247, 'Kuhic-McLaughlin', 'kuhic-mclaughlin', NULL, NULL, NULL),
	(248, 'Lueilwitz and Sons', 'lueilwitz-and-sons', NULL, NULL, NULL),
	(249, 'Satterfield-Emard', 'satterfield-emard', NULL, NULL, NULL),
	(250, 'Rippin, Schneider and Hermann', 'rippin-schneider-and-hermann', NULL, NULL, NULL),
	(251, 'Nader-Eichmann', 'nader-eichmann', NULL, NULL, NULL),
	(252, 'Corkery, Rempel and Reilly', 'corkery-rempel-and-reilly', NULL, NULL, NULL),
	(253, 'Mills, Ortiz and Huels', 'mills-ortiz-and-huels', NULL, NULL, NULL),
	(254, 'Schuppe, Friesen and Gerlach', 'schuppe-friesen-and-gerlach', NULL, NULL, NULL),
	(255, 'Champlin Inc', 'champlin-inc', NULL, NULL, NULL),
	(256, 'Wilderman, Huel and Kutch', 'wilderman-huel-and-kutch', NULL, NULL, NULL),
	(257, 'McGlynn-Hane', 'mcglynn-hane', NULL, NULL, NULL),
	(258, 'Murray, Volkman and O\'Hara', 'murray-volkman-and-ohara', NULL, NULL, NULL),
	(259, 'Toy Ltd', 'toy-ltd', NULL, NULL, NULL),
	(260, 'Hegmann Group', 'hegmann-group', NULL, NULL, NULL),
	(261, 'Wiza, Boyer and Larkin', 'wiza-boyer-and-larkin', NULL, NULL, NULL),
	(262, 'Corwin Group', 'corwin-group', NULL, NULL, NULL),
	(263, 'Doyle, Torp and Hegmann', 'doyle-torp-and-hegmann', NULL, NULL, NULL),
	(264, 'Leffler, Bergstrom and Ernser', 'leffler-bergstrom-and-ernser', NULL, NULL, NULL),
	(265, 'Brekke Inc', 'brekke-inc', NULL, NULL, NULL),
	(266, 'Greenfelder-Ferry', 'greenfelder-ferry', NULL, NULL, NULL),
	(267, 'Fisher-Okuneva', 'fisher-okuneva', NULL, NULL, NULL),
	(268, 'Turner and Sons', 'turner-and-sons', NULL, NULL, NULL),
	(269, 'Hammes-Cremin', 'hammes-cremin', NULL, NULL, NULL),
	(270, 'Farrell Inc', 'farrell-inc', NULL, NULL, NULL),
	(271, 'Simonis-Rempel', 'simonis-rempel', NULL, NULL, NULL),
	(272, 'Walsh-Cormier', 'walsh-cormier', NULL, NULL, NULL),
	(273, 'Metz and Sons', 'metz-and-sons', NULL, NULL, NULL),
	(274, 'Cummings, Barton and Lehner', 'cummings-barton-and-lehner', NULL, NULL, NULL),
	(275, 'Nienow, Abernathy and Hodkiewicz', 'nienow-abernathy-and-hodkiewicz', NULL, NULL, NULL),
	(276, 'Carter Inc', 'carter-inc', NULL, NULL, NULL),
	(277, 'Rath, Spinka and Schneider', 'rath-spinka-and-schneider', NULL, NULL, NULL),
	(278, 'Emmerich, Grady and Homenick', 'emmerich-grady-and-homenick', NULL, NULL, NULL),
	(279, 'Batz-Schmitt', 'batz-schmitt', NULL, NULL, NULL),
	(280, 'Greenfelder, West and Kub', 'greenfelder-west-and-kub', NULL, NULL, NULL),
	(281, 'Murazik Ltd', 'murazik-ltd', NULL, NULL, NULL),
	(282, 'Pacocha-Fahey', 'pacocha-fahey', NULL, NULL, NULL),
	(283, 'Botsford, O\'Kon and Kuhn', 'botsford-okon-and-kuhn', NULL, NULL, NULL),
	(284, 'Senger Inc', 'senger-inc', NULL, NULL, NULL),
	(285, 'Rodriguez LLC', 'rodriguez-llc', NULL, NULL, NULL),
	(286, 'Kub, Jacobs and Boyer', 'kub-jacobs-and-boyer', NULL, NULL, NULL),
	(287, 'Lang, Schneider and Glover', 'lang-schneider-and-glover', NULL, NULL, NULL),
	(288, 'Mills, Kerluke and Schneider', 'mills-kerluke-and-schneider', NULL, NULL, NULL),
	(289, 'Doyle-Wiegand', 'doyle-wiegand', NULL, NULL, NULL),
	(290, 'Schaden Group', 'schaden-group', NULL, NULL, NULL),
	(291, 'Hodkiewicz, Ruecker and Pfannerstill', 'hodkiewicz-ruecker-and-pfannerstill', NULL, NULL, NULL),
	(292, 'Parker Group', 'parker-group', NULL, NULL, NULL),
	(293, 'Nolan PLC', 'nolan-plc', NULL, NULL, NULL),
	(294, 'Kling LLC', 'kling-llc', NULL, NULL, NULL),
	(295, 'Lockman-Lindgren', 'lockman-lindgren', NULL, NULL, NULL),
	(296, 'Welch-Gerlach', 'welch-gerlach', NULL, NULL, NULL),
	(297, 'Greenholt, Heller and Gutkowski', 'greenholt-heller-and-gutkowski', NULL, NULL, NULL),
	(298, 'Weimann and Sons', 'weimann-and-sons', NULL, NULL, NULL),
	(299, 'Tromp-Sporer', 'tromp-sporer', NULL, NULL, NULL),
	(300, 'O\'Conner, Zieme and Gutmann', 'oconner-zieme-and-gutmann', NULL, NULL, NULL),
	(301, 'Bartoletti-Beer', 'bartoletti-beer', NULL, NULL, NULL),
	(302, 'Rogahn-Heller', 'rogahn-heller', NULL, NULL, NULL),
	(303, 'Stanton, O\'Conner and Stiedemann', 'stanton-oconner-and-stiedemann', NULL, NULL, NULL),
	(304, 'McCullough, Abbott and Prosacco', 'mccullough-abbott-and-prosacco', NULL, NULL, NULL),
	(305, 'Bins, Graham and Reynolds', 'bins-graham-and-reynolds', NULL, NULL, NULL),
	(306, 'Toy Ltd', 'toy-ltd', NULL, NULL, NULL),
	(307, 'Thiel, D\'Amore and Okuneva', 'thiel-damore-and-okuneva', NULL, NULL, NULL),
	(308, 'Berge, Bode and Quitzon', 'berge-bode-and-quitzon', NULL, NULL, NULL),
	(309, 'Mitchell Inc', 'mitchell-inc', NULL, NULL, NULL),
	(310, 'Reynolds Group', 'reynolds-group', NULL, NULL, NULL),
	(311, 'Mraz-Conn', 'mraz-conn', NULL, NULL, NULL),
	(312, 'DuBuque and Sons', 'dubuque-and-sons', NULL, NULL, NULL),
	(313, 'Legros Ltd', 'legros-ltd', NULL, NULL, NULL),
	(314, 'Larson, Thiel and Jacobson', 'larson-thiel-and-jacobson', NULL, NULL, NULL),
	(315, 'Carter-Hettinger', 'carter-hettinger', NULL, NULL, NULL),
	(316, 'Stroman-Ondricka', 'stroman-ondricka', NULL, NULL, NULL),
	(317, 'Lindgren, Kreiger and Bogan', 'lindgren-kreiger-and-bogan', NULL, NULL, NULL),
	(318, 'Ullrich Ltd', 'ullrich-ltd', NULL, NULL, NULL),
	(319, 'Dickens-Bednar', 'dickens-bednar', NULL, NULL, NULL),
	(320, 'Bednar, Pollich and Hodkiewicz', 'bednar-pollich-and-hodkiewicz', NULL, NULL, NULL),
	(321, 'Swaniawski-Witting', 'swaniawski-witting', NULL, NULL, NULL),
	(322, 'Kessler, Will and O\'Hara', 'kessler-will-and-ohara', NULL, NULL, NULL),
	(323, 'Hettinger, O\'Hara and Parker', 'hettinger-ohara-and-parker', NULL, NULL, NULL),
	(324, 'Shanahan, Abshire and Lowe', 'shanahan-abshire-and-lowe', NULL, NULL, NULL),
	(325, 'Leannon Ltd', 'leannon-ltd', NULL, NULL, NULL),
	(326, 'Reichert and Sons', 'reichert-and-sons', NULL, NULL, NULL),
	(327, 'Lakin LLC', 'lakin-llc', NULL, NULL, NULL),
	(328, 'Ruecker-Moore', 'ruecker-moore', NULL, NULL, NULL),
	(329, 'Streich and Sons', 'streich-and-sons', NULL, NULL, NULL),
	(330, 'Volkman-Block', 'volkman-block', NULL, NULL, NULL),
	(331, 'Rice, Kessler and Ortiz', 'rice-kessler-and-ortiz', NULL, NULL, NULL),
	(332, 'Thompson, Legros and Hoeger', 'thompson-legros-and-hoeger', NULL, NULL, NULL),
	(333, 'Renner Group', 'renner-group', NULL, NULL, NULL),
	(334, 'Glover-Simonis', 'glover-simonis', NULL, NULL, NULL),
	(335, 'Greenfelder Group', 'greenfelder-group', NULL, NULL, NULL),
	(336, 'Conn-Bednar', 'conn-bednar', NULL, NULL, NULL),
	(337, 'Moen-Prohaska', 'moen-prohaska', NULL, NULL, NULL),
	(338, 'Dickens, O\'Kon and Bogisich', 'dickens-okon-and-bogisich', NULL, NULL, NULL),
	(339, 'Mante-Schaden', 'mante-schaden', NULL, NULL, NULL),
	(340, 'Brekke-Streich', 'brekke-streich', NULL, NULL, NULL),
	(341, 'Aufderhar, Spinka and Hamill', 'aufderhar-spinka-and-hamill', NULL, NULL, NULL),
	(342, 'Block PLC', 'block-plc', NULL, NULL, NULL),
	(343, 'Willms-Ritchie', 'willms-ritchie', NULL, NULL, NULL),
	(344, 'Schaefer Inc', 'schaefer-inc', NULL, NULL, NULL),
	(345, 'Watsica, Senger and Schoen', 'watsica-senger-and-schoen', NULL, NULL, NULL),
	(346, 'Gutmann, Jones and Raynor', 'gutmann-jones-and-raynor', NULL, NULL, NULL),
	(347, 'Treutel, Dach and Funk', 'treutel-dach-and-funk', NULL, NULL, NULL),
	(348, 'Kuhlman LLC', 'kuhlman-llc', NULL, NULL, NULL),
	(349, 'Ullrich-Friesen', 'ullrich-friesen', NULL, NULL, NULL),
	(350, 'Lindgren-Goldner', 'lindgren-goldner', NULL, NULL, NULL),
	(351, 'Macejkovic, Walker and Mayert', 'macejkovic-walker-and-mayert', NULL, NULL, NULL),
	(352, 'Mayert, Hahn and Kreiger', 'mayert-hahn-and-kreiger', NULL, NULL, NULL),
	(353, 'Koelpin and Sons', 'koelpin-and-sons', NULL, NULL, NULL),
	(354, 'Toy-Bins', 'toy-bins', NULL, NULL, NULL),
	(355, 'Hayes-Christiansen', 'hayes-christiansen', NULL, NULL, NULL),
	(356, 'Lakin, Lockman and Cummerata', 'lakin-lockman-and-cummerata', NULL, NULL, NULL),
	(357, 'Gusikowski Group', 'gusikowski-group', NULL, NULL, NULL),
	(358, 'Konopelski-Grady', 'konopelski-grady', NULL, NULL, NULL),
	(359, 'Cassin PLC', 'cassin-plc', NULL, NULL, NULL),
	(360, 'Anderson, Berge and Pfannerstill', 'anderson-berge-and-pfannerstill', NULL, NULL, NULL),
	(361, 'Wilkinson-Rempel', 'wilkinson-rempel', NULL, NULL, NULL),
	(362, 'Bechtelar PLC', 'bechtelar-plc', NULL, NULL, NULL),
	(363, 'Morar-Moen', 'morar-moen', NULL, NULL, NULL),
	(364, 'Lang LLC', 'lang-llc', NULL, NULL, NULL),
	(365, 'Greenholt Ltd', 'greenholt-ltd', NULL, NULL, NULL),
	(366, 'Gleason-Kub', 'gleason-kub', NULL, NULL, NULL),
	(367, 'Langworth-Fahey', 'langworth-fahey', NULL, NULL, NULL),
	(368, 'Cartwright-Homenick', 'cartwright-homenick', NULL, NULL, NULL),
	(369, 'Torphy, Adams and Veum', 'torphy-adams-and-veum', NULL, NULL, NULL),
	(370, 'Bergstrom, Mraz and Hoppe', 'bergstrom-mraz-and-hoppe', NULL, NULL, NULL),
	(371, 'Steuber, Klocko and Leffler', 'steuber-klocko-and-leffler', NULL, NULL, NULL),
	(372, 'Gislason-Lubowitz', 'gislason-lubowitz', NULL, NULL, NULL),
	(373, 'Larkin Group', 'larkin-group', NULL, NULL, NULL),
	(374, 'Bernier-Torphy', 'bernier-torphy', NULL, NULL, NULL),
	(375, 'Treutel Inc', 'treutel-inc', NULL, NULL, NULL),
	(376, 'Kling, Wuckert and Hill', 'kling-wuckert-and-hill', NULL, NULL, NULL),
	(377, 'Stracke PLC', 'stracke-plc', NULL, NULL, NULL),
	(378, 'Robel and Sons', 'robel-and-sons', NULL, NULL, NULL),
	(379, 'Sporer-Herzog', 'sporer-herzog', NULL, NULL, NULL),
	(380, 'Strosin, Greenfelder and Hill', 'strosin-greenfelder-and-hill', NULL, NULL, NULL),
	(381, 'Gaylord PLC', 'gaylord-plc', NULL, NULL, NULL),
	(382, 'Walsh-Kuvalis', 'walsh-kuvalis', NULL, NULL, NULL),
	(383, 'Rippin Ltd', 'rippin-ltd', NULL, NULL, NULL),
	(384, 'Windler, Bahringer and Barrows', 'windler-bahringer-and-barrows', NULL, NULL, NULL),
	(385, 'Sporer-Huel', 'sporer-huel', NULL, NULL, NULL),
	(386, 'Hamill PLC', 'hamill-plc', NULL, NULL, NULL),
	(387, 'Goodwin Inc', 'goodwin-inc', NULL, NULL, NULL),
	(388, 'Cartwright-Wisozk', 'cartwright-wisozk', NULL, NULL, NULL),
	(389, 'Gottlieb, Schaden and Bayer', 'gottlieb-schaden-and-bayer', NULL, NULL, NULL),
	(390, 'Kertzmann, Legros and Schmitt', 'kertzmann-legros-and-schmitt', NULL, NULL, NULL),
	(391, 'Boehm-Windler', 'boehm-windler', NULL, NULL, NULL),
	(392, 'Green PLC', 'green-plc', NULL, NULL, NULL),
	(393, 'Sporer PLC', 'sporer-plc', NULL, NULL, NULL),
	(394, 'Kerluke and Sons', 'kerluke-and-sons', NULL, NULL, NULL),
	(395, 'Lemke Group', 'lemke-group', NULL, NULL, NULL),
	(396, 'Nitzsche Inc', 'nitzsche-inc', NULL, NULL, NULL),
	(397, 'Yundt, Borer and Lynch', 'yundt-borer-and-lynch', NULL, NULL, NULL),
	(398, 'Koch-Schaefer', 'koch-schaefer', NULL, NULL, NULL),
	(399, 'Stamm, O\'Connell and Keebler', 'stamm-oconnell-and-keebler', NULL, NULL, NULL),
	(400, 'Blick-Christiansen', 'blick-christiansen', NULL, NULL, NULL),
	(401, 'Dietrich LLC', 'dietrich-llc', NULL, NULL, NULL),
	(402, 'Koch-Rolfson', 'koch-rolfson', NULL, NULL, NULL),
	(403, 'Botsford Ltd', 'botsford-ltd', NULL, NULL, NULL),
	(404, 'Gutkowski Group', 'gutkowski-group', NULL, NULL, NULL),
	(405, 'Mante-Green', 'mante-green', NULL, NULL, NULL),
	(406, 'O\'Reilly, Zieme and Marks', 'oreilly-zieme-and-marks', NULL, NULL, NULL),
	(407, 'Mraz, Harber and Zemlak', 'mraz-harber-and-zemlak', NULL, NULL, NULL),
	(408, 'Parker, Hansen and Swaniawski', 'parker-hansen-and-swaniawski', NULL, NULL, NULL),
	(409, 'Hills, Barrows and Wisoky', 'hills-barrows-and-wisoky', NULL, NULL, NULL),
	(410, 'Schoen Group', 'schoen-group', NULL, NULL, NULL),
	(411, 'Friesen-Windler', 'friesen-windler', NULL, NULL, NULL),
	(412, 'Greenholt LLC', 'greenholt-llc', NULL, NULL, NULL),
	(413, 'Lemke Ltd', 'lemke-ltd', NULL, NULL, NULL),
	(414, 'Von Group', 'von-group', NULL, NULL, NULL),
	(415, 'Dooley-Casper', 'dooley-casper', NULL, NULL, NULL),
	(416, 'Mohr Group', 'mohr-group', NULL, NULL, NULL),
	(417, 'Will PLC', 'will-plc', NULL, NULL, NULL),
	(418, 'Skiles-Grady', 'skiles-grady', NULL, NULL, NULL),
	(419, 'Blick, Simonis and Nikolaus', 'blick-simonis-and-nikolaus', NULL, NULL, NULL),
	(420, 'Pouros LLC', 'pouros-llc', NULL, NULL, NULL),
	(421, 'Rippin and Sons', 'rippin-and-sons', NULL, NULL, NULL),
	(422, 'Hagenes-Ledner', 'hagenes-ledner', NULL, NULL, NULL),
	(423, 'Murazik-Kerluke', 'murazik-kerluke', NULL, NULL, NULL),
	(424, 'Ortiz Ltd', 'ortiz-ltd', NULL, NULL, NULL),
	(425, 'Boyer LLC', 'boyer-llc', NULL, NULL, NULL),
	(426, 'Johnston-Leffler', 'johnston-leffler', NULL, NULL, NULL),
	(427, 'Considine, Ernser and Brown', 'considine-ernser-and-brown', NULL, NULL, NULL),
	(428, 'Raynor, Lowe and Kris', 'raynor-lowe-and-kris', NULL, NULL, NULL),
	(429, 'Connelly Inc', 'connelly-inc', NULL, NULL, NULL),
	(430, 'McCullough-Bradtke', 'mccullough-bradtke', NULL, NULL, NULL),
	(431, 'Conroy PLC', 'conroy-plc', NULL, NULL, NULL),
	(432, 'Howe Group', 'howe-group', NULL, NULL, NULL),
	(433, 'Dibbert-Ryan', 'dibbert-ryan', NULL, NULL, NULL),
	(434, 'Gusikowski, Kihn and Blanda', 'gusikowski-kihn-and-blanda', NULL, NULL, NULL),
	(435, 'Oberbrunner, Paucek and Veum', 'oberbrunner-paucek-and-veum', NULL, NULL, NULL),
	(436, 'Brown-Dare', 'brown-dare', NULL, NULL, NULL),
	(437, 'Cummerata-Towne', 'cummerata-towne', NULL, NULL, NULL),
	(438, 'Stehr LLC', 'stehr-llc', NULL, NULL, NULL),
	(439, 'Weimann-Farrell', 'weimann-farrell', NULL, NULL, NULL),
	(440, 'Kuhlman-Aufderhar', 'kuhlman-aufderhar', NULL, NULL, NULL),
	(441, 'Eichmann-Franecki', 'eichmann-franecki', NULL, NULL, NULL),
	(442, 'Pfannerstill-Ondricka', 'pfannerstill-ondricka', NULL, NULL, NULL),
	(443, 'Gorczany Ltd', 'gorczany-ltd', NULL, NULL, NULL),
	(444, 'Jast, Watsica and Raynor', 'jast-watsica-and-raynor', NULL, NULL, NULL),
	(445, 'Ruecker-Jones', 'ruecker-jones', NULL, NULL, NULL),
	(446, 'Franecki, Legros and Bernier', 'franecki-legros-and-bernier', NULL, NULL, NULL),
	(447, 'Tillman, Boehm and Blanda', 'tillman-boehm-and-blanda', NULL, NULL, NULL),
	(448, 'Predovic Inc', 'predovic-inc', NULL, NULL, NULL),
	(449, 'Kassulke, Witting and Rice', 'kassulke-witting-and-rice', NULL, NULL, NULL),
	(450, 'Windler, Huels and Strosin', 'windler-huels-and-strosin', NULL, NULL, NULL),
	(451, 'Murphy and Sons', 'murphy-and-sons', NULL, NULL, NULL),
	(452, 'Feest and Sons', 'feest-and-sons', NULL, NULL, NULL),
	(453, 'Bechtelar, Bartoletti and Stark', 'bechtelar-bartoletti-and-stark', NULL, NULL, NULL),
	(454, 'Lubowitz Ltd', 'lubowitz-ltd', NULL, NULL, NULL),
	(455, 'Mertz-Keebler', 'mertz-keebler', NULL, NULL, NULL),
	(456, 'Willms, Bartell and Murphy', 'willms-bartell-and-murphy', NULL, NULL, NULL),
	(457, 'Rogahn, Morar and Homenick', 'rogahn-morar-and-homenick', NULL, NULL, NULL),
	(458, 'Gerhold-Rolfson', 'gerhold-rolfson', NULL, NULL, NULL),
	(459, 'Weber-Parker', 'weber-parker', NULL, NULL, NULL),
	(460, 'Hickle-Schmeler', 'hickle-schmeler', NULL, NULL, NULL),
	(461, 'Murazik, Konopelski and Mann', 'murazik-konopelski-and-mann', NULL, NULL, NULL),
	(462, 'Cronin-Carroll', 'cronin-carroll', NULL, NULL, NULL),
	(463, 'Bartell, Fritsch and Raynor', 'bartell-fritsch-and-raynor', NULL, NULL, NULL),
	(464, 'Dickinson and Sons', 'dickinson-and-sons', NULL, NULL, NULL),
	(465, 'Zemlak Inc', 'zemlak-inc', NULL, NULL, NULL),
	(466, 'Champlin-Stiedemann', 'champlin-stiedemann', NULL, NULL, NULL),
	(467, 'Gibson-Satterfield', 'gibson-satterfield', NULL, NULL, NULL),
	(468, 'Sanford-Turner', 'sanford-turner', NULL, NULL, NULL),
	(469, 'Howell Group', 'howell-group', NULL, NULL, NULL),
	(470, 'Ratke-Senger', 'ratke-senger', NULL, NULL, NULL),
	(471, 'Kihn Group', 'kihn-group', NULL, NULL, NULL),
	(472, 'Reichel-Smitham', 'reichel-smitham', NULL, NULL, NULL),
	(473, 'Becker-Fritsch', 'becker-fritsch', NULL, NULL, NULL),
	(474, 'Rohan, Torphy and Deckow', 'rohan-torphy-and-deckow', NULL, NULL, NULL),
	(475, 'Towne PLC', 'towne-plc', NULL, NULL, NULL),
	(476, 'Gulgowski-Ruecker', 'gulgowski-ruecker', NULL, NULL, NULL),
	(477, 'Fahey and Sons', 'fahey-and-sons', NULL, NULL, NULL),
	(478, 'Parisian and Sons', 'parisian-and-sons', NULL, NULL, NULL),
	(479, 'Gaylord-Koelpin', 'gaylord-koelpin', NULL, NULL, NULL),
	(480, 'White-Strosin', 'white-strosin', NULL, NULL, NULL),
	(481, 'Koelpin-Purdy', 'koelpin-purdy', NULL, NULL, NULL),
	(482, 'Wiza-Abernathy', 'wiza-abernathy', NULL, NULL, NULL),
	(483, 'Hamill, Emmerich and Kuhn', 'hamill-emmerich-and-kuhn', NULL, NULL, NULL),
	(484, 'Flatley-Emmerich', 'flatley-emmerich', NULL, NULL, NULL),
	(485, 'Casper and Sons', 'casper-and-sons', NULL, NULL, NULL),
	(486, 'Lynch-Powlowski', 'lynch-powlowski', NULL, NULL, NULL),
	(487, 'Kemmer, Cremin and Hintz', 'kemmer-cremin-and-hintz', NULL, NULL, NULL),
	(488, 'Homenick-Schulist', 'homenick-schulist', NULL, NULL, NULL),
	(489, 'Langworth, Braun and Herman', 'langworth-braun-and-herman', NULL, NULL, NULL),
	(490, 'Pollich, Schimmel and Ortiz', 'pollich-schimmel-and-ortiz', NULL, NULL, NULL),
	(491, 'Johnston-Toy', 'johnston-toy', NULL, NULL, NULL),
	(492, 'Cummings and Sons', 'cummings-and-sons', NULL, NULL, NULL),
	(493, 'Bosco PLC', 'bosco-plc', NULL, NULL, NULL),
	(494, 'Casper, Schumm and Kozey', 'casper-schumm-and-kozey', NULL, NULL, NULL),
	(495, 'Ernser-VonRueden', 'ernser-vonrueden', NULL, NULL, NULL),
	(496, 'Dach, Friesen and Gleichner', 'dach-friesen-and-gleichner', NULL, NULL, NULL),
	(497, 'Spencer-Sanford', 'spencer-sanford', NULL, NULL, NULL),
	(498, 'Cremin PLC', 'cremin-plc', NULL, NULL, NULL),
	(499, 'McKenzie LLC', 'mckenzie-llc', NULL, NULL, NULL),
	(500, 'Baumbach-Hettinger', 'baumbach-hettinger', NULL, NULL, NULL);
/*!40000 ALTER TABLE `products` ENABLE KEYS */;

-- Дамп структуры для таблица laravel_livewire.users
CREATE TABLE `users` (
  `id` bigint(20) unsigned NOT NULL AUTO_INCREMENT,
  `name` varchar(255) COLLATE utf8mb4_unicode_ci NOT NULL,
  `email` varchar(255) COLLATE utf8mb4_unicode_ci NOT NULL,
  `email_verified_at` timestamp NULL DEFAULT NULL,
  `password` varchar(255) COLLATE utf8mb4_unicode_ci NOT NULL,
  `remember_token` varchar(100) COLLATE utf8mb4_unicode_ci DEFAULT NULL,
  `created_at` timestamp NULL DEFAULT NULL,
  `updated_at` timestamp NULL DEFAULT NULL,
  PRIMARY KEY (`id`),
  UNIQUE KEY `users_email_unique` (`email`)
) ENGINE=InnoDB DEFAULT CHARSET=utf8mb4 COLLATE=utf8mb4_unicode_ci;

-- Дамп данных таблицы laravel_livewire.users: ~0 rows (приблизительно)
/*!40000 ALTER TABLE `users` DISABLE KEYS */;
/*!40000 ALTER TABLE `users` ENABLE KEYS */;

/*!40101 SET SQL_MODE=IFNULL(@OLD_SQL_MODE, '') */;
/*!40014 SET FOREIGN_KEY_CHECKS=IF(@OLD_FOREIGN_KEY_CHECKS IS NULL, 1, @OLD_FOREIGN_KEY_CHECKS) */;
/*!40101 SET CHARACTER_SET_CLIENT=@OLD_CHARACTER_SET_CLIENT */;
